repo,origin_repo,lines,share_of_repo
api-gateway,platform,2240,0.6349206349206349
api-gateway,api-gateway,1192,0.3378684807256236
api-gateway,web-frontend,64,0.018140589569160998
api-gateway,billing-service,32,0.009070294784580499
billing-service,platform,1377,0.659167065581618
billing-service,billing-service,427,0.20440402106270944
billing-service,api-gateway,251,0.12015318334131163
billing-service,web-frontend,34,0.016275730014360938
data-pipeline,data-pipeline,2202,0.6904985888993415
data-pipeline,platform,987,0.30950141110065854
infra-config,infra-config,305,0.8356164383561644
infra-config,platform,60,0.1643835616438356
platform,platform,3643,0.8004834102395078
platform,api-gateway,848,0.1863326741375522
platform,web-frontend,52,0.011426060206548011
platform,billing-service,8,0.0017578554163920018
web-frontend,platform,2499,0.6692554900910551
web-frontend,web-frontend,815,0.21826459560792716
web-frontend,api-gateway,376,0.10069630423138726
web-frontend,billing-service,44,0.011783610069630423
